ai_waste_statistics,timestamp
"65% of steel companies reported increasing their investment in workforce upskilling over the past five years
The global steel industry is projected to spend over $1.5 billion annually on training and reskilling initiatives by 2025
78% of steel industry executives identify digitization as a key driver for workforce upskilling
Only 42% of steel plants globally currently have comprehensive upskilling programs in place
Reskilling initiatives have led to a 30% increase in productivity in steel manufacturing plants that adopted them
54% of steel industry workers believe that their jobs will require new skills within the next five years
The adoption of Industry 4.0 technologies correlates with a 45% increase in skills development programs in the steel sector
38% of steel companies have partnered with educational institutions for workforce upskilling programs
Steel industry reskilling programs focus predominantly on digital literacy (72%) and automation skills (65%)
70% of steel workers believe upskilling is essential for job security in the current market conditions
Investment in AI and machine learning training within the steel industry increased by 62% from 2020 to 2023
Steel industryâ€™s reskilling efforts have reduced machine downtime by 20% on average
82% of steel companies cited talent shortages as the primary reason for increased spending on upskilling in 2022",2025-08-29 15:22:48
